{"0": 4.063554286956787, "1": 4.4968438148498535, "2": 4.368040084838867, "3": 4.59547758102417, "4": 3.549391508102417, "5": 3.816882610321045, "6": 4.492473125457764, "7": 3.999587059020996, "8": 4.527451515197754, "9": 4.893581390380859, "10": 3.84092378616333, "11": 3.6883883476257324, "12": 3.869291067123413, "13": 4.183663845062256, "14": 4.036839485168457, "15": 4.376062393188477, "16": 4.414053440093994, "17": 5.326533794403076, "18": 5.402641773223877, "19": 5.0885796546936035, "20": 5.07423734664917, "21": 4.5857157707214355, "22": 4.906027317047119, "23": 5.659218788146973, "24": 4.609908580780029, "25": 5.046315670013428, "26": 4.620710849761963, "27": 5.23482608795166, "28": 5.073178768157959, "29": 4.695620059967041, "30": 4.647816181182861, "31": 4.931303024291992, "32": 5.692759990692139, "33": 4.918152809143066, "34": 4.873912334442139, "35": 4.946986198425293, "36": 4.78225564956665, "37": 5.09707498550415, "38": 4.350461959838867, "39": 5.0098137855529785, "40": 4.921950817108154, "41": 4.930093288421631, "42": 4.731103420257568, "43": 4.9224443435668945, "44": 4.502707004547119, "45": 4.910369873046875, "46": 4.908979892730713, "47": 5.384741306304932, "48": 5.154129505157471, "49": 4.264594554901123, "50": 4.947878837585449, "51": 5.445213794708252, "52": 4.575080394744873, "53": 4.634024620056152, "54": 4.934587001800537, "55": 5.149380207061768, "56": 4.614745616912842, "57": 5.151260852813721, "58": 4.459204196929932, "59": 4.568129062652588, "60": 4.964722633361816, "61": 4.630107879638672, "62": 4.752724647521973, "63": 4.52339506149292, "64": 4.664882659912109, "65": 4.746623516082764, "66": 5.163021564483643, "67": 4.093634128570557, "68": 4.382633686065674, "69": 5.1379618644714355, "70": 5.054800510406494, "71": 4.924637794494629, "72": 4.833508491516113, "73": 4.271022319793701, "74": 4.659824371337891, "75": 4.588802814483643, "76": 4.795953273773193, "77": 4.634871482849121, "78": 4.705056667327881}