{
	"class_name" : "PinholeCameraParameters",
	"extrinsic" : 
	[
		1.0,
		0.0,
		0.0,
		0.0,
		-0.0,
		0.90630778823264924,
		0.42261825917587087,
		0.0,
		0.0,
		-0.42261825917587087,
		0.90630778823264924,
		0.0,
		-0.0,
		6.9999999863496001,
		21.49325875781448,
		1.0
	],
	"intrinsic" : 
	{
		"height" : 1080,
		"intrinsic_matrix" : 
		[
			1403.4307742902583,
			0.0,
			0.0,
			0.0,
			1403.4307742902583,
			0.0,
			959.5,
			539.5,
			1.0
		],
		"width" : 1920
	},
	"version_major" : 1,
	"version_minor" : 0
}